,T1,T2,T3,T4,T5,T6,T7,T8,T9,T10,T11,T12,T13,T14,T15,T16,T17,T18,T19,T20,T21,T22,T23,T24,T25,T26,T27,T28,T29,T30,T31,T32,T33,T34,T35,T36,T37,T38,T39,T40,T41,T42,T43,T44,T45,T46,T47,T48,T49,T50,T51,T52,T53,T54,T55,T56,T57,T58,T59,T60,T61,T62,T63,T64,T65,T66,T67,T68,T69,T70,T71,T72,T73,T74,T75,T76,T77,T78,T79,T80,T81,T82,T83,T84,T85,T86,T87,T88,T89,T90,T91,T92,T93,T94,T95,T96,T97,T98,T99,T100,T101,T102,T103,T104,T105,T106,T107,T108,T109,T110,T111,T112,T113,T114,T115,T116,T117,T118,T119,T120,T121,T122,T123,T124,T125,T126,T127,T128,T129,T130,T131,T132,T133,T134,T135,T136,T137,T138,T139,T140,T141,T142,T143,T144,T145,T146,T147,T148,T149,T150
R3,-0.015552991605645591,-0.015552997417686489,-0.015552995670467784,-0.015552999943020545,-0.015552993524285751,-0.0671569925571204,-0.23902999545856235,-0.2966199956574873,-0.36785999683176834,-0.29083999570917746,-0.1453499931616813,-0.043129998756429276,0.005720003736108757,0.021076007074049462,0.01891600470328475,0.009771001110742633,0.00014678880340197818,-0.007050795879501302,-0.011440990685701143,-0.013746996881828904,-0.01482399373212403,0.03629500650326703,0.20801000444087836,0.21391000773556557,0.11328000575219914,-0.021332994626295634,-0.28966999398351523,-0.4867399921550327,-0.39607999605748384,-0.20858999274850673,-0.07457199499046628,-0.005214290326209578,0.021462009338856863,0.02350700018355546,0.014417009300888241,0.0033736046536649044,-0.005229092843310812,-0.010521995746840127,0.03825400315390223,0.20881000926687496,0.21424000268004745,0.16497000900171646,0.2537500086701495,0.2148700060243373,0.1466400054202284,0.2315100015175524,0.19649000986416645,0.08280200492728612,-0.050512997774659035,-0.311519996963872,-0.500529999719463,-0.3520599961847689,0.06277600911385667,0.37672000138684625,0.35243000263985114,0.19587000524958292,0.018606003583898023,-0.226339993607378,-0.2665699994339258,-0.17467999581160237,-0.035354995923379096,0.18999000263573387,0.27423000812160836,0.4059000048748732,0.49947000006559755,0.35505000281672594,0.19907000854875428,0.23586000124593634,0.17980000534476018,0.06120600499400357,-0.0170479928178185,-0.04858199737295668,-0.05453099879078757,-0.048844991161251655,-0.03921099333016325,-0.030072999852322167,-0.023380998168538083,-0.01935499397776253,-0.017200998373187715,-0.016194993931512244,-0.01579799830093056,-0.01563999771220834,-0.015552997678332146,-0.015552992699303676,-0.015552991994703124,-0.015552998077662574,-0.015552995570701954,-0.015552990111303603,-0.015552997108360557,-0.015552996572557293,0.03605100350744969,0.2079200096497589,0.21391000153239345,0.11328000575527723,0.030270006552026833,0.03701600914061843,0.24128000674891628,0.4151400040713348,0.32435000804506614,0.14687000129586403,0.02429500134070712,-0.03630299711742208,-0.057598994271954466,-0.05681699604198066,-0.046409995394445895,-0.03481099701184432,-0.025963997860065872,-0.020583991761643012,-0.01775599162868474,0.03516400756289229,0.15599000099959368,-0.009658091579542623,-0.11617999156674877,-0.09856099055282429,-0.060409993025166316,-0.08636799355576143,-0.2430199935124879,-0.2927599970535498,-0.31010999709863885,-0.06206999195576195,0.08758100449262046,0.0876100059053067,0.0008584574588850389,-0.20103999357123548,-0.228629991579474,-0.19281999907104347,-0.28753999312196254,-0.24970999926039664,-0.0773639972645632,0.18268000202496218,0.2304900076545528,0.14336000845197705,0.05929300754136473,-0.04442499466148937,-0.24348999990418074,-0.20805999142136977,0.06442500074932234,0.15750000418396212,0.10601000929088783,0.045291008553680956,0.006177803399398594,-0.0160579983057242,-0.025805991204150017,-0.027081993252179647,-0.02431299689220377,-0.020932997156517554,-0.018380990289868608,-0.016868997706405476,-0.01610799428245345,-0.06740099342507684
R4,-0.5122399914440167,-0.5074299957608813,-0.3540199927761254,-0.23690999269487564,-0.30579999823186443,-0.19598999194419722,-0.09493499224310284,-0.14201999068592125,-0.01893199554069034,0.16555000191070843,0.2237600047728868,0.06426100921340294,-0.07221499904949816,0.042984004391692025,0.029615002276285315,-0.1282399990889567,-0.12704999034490608,-0.15907999826856012,-0.18105999209504617,-0.2089999957898234,-0.2647199966411906,-0.23669999237227624,-0.20582999783876552,-0.12131999514765272,0.019095005224622277,-0.02705799974578246,-0.1002199940677644,-0.16628999436454883,-0.18717999431480858,-0.27610999062563196,-0.38321999686784397,-0.404729992833751,-0.2451099902600383,-0.12448999669960674,-0.09828399148373992,-0.04676899902947366,0.003482109006682196,-0.1303299953362845,-0.1729299999523936,0.009453002731321481,0.1378100065715767,0.24848000484475785,0.30253000962735904,0.11053000216612498,-0.0635939931896301,0.03637900927452575,0.17706000735412342,0.3372400026659037,0.4877600095934243,0.45665000890979945,0.31292000547644605,0.044388005550697454,-0.1339199948008865,-0.020908999659355765,0.048977005571736607,0.08856600246638938,0.11168000460988878,0.08081900229195184,0.09744700525259123,0.18630000871308972,0.1000500044552923,-0.04027799959710506,0.05844500094085571,0.25335000368880295,0.3237500099476326,0.2708200031539854,0.19996000067493871,0.0056566029329765165,-0.07352799515729645,-0.11032999646476625,-0.15329999057601393,-0.11598999757075382,0.01435900837347781,0.10236000129805328,0.161570006485784,0.23560000109783463,0.29133000242756657,0.15353000679150164,-0.02390999333964337,-0.009622295970244965,0.12473000892352332,0.14101000109122633,0.13573000483600986,0.19542000087456174,0.19867000079363786,0.1695900090369764,-0.0013000904616319053,-0.06129199423153313,0.12058000857061406,0.09278900762409006,-0.0342639925935176,-0.00047519157626036156,0.07266600011797883,-0.035977994539290355,-0.28139999162931234,-0.24878999009650046,-0.018495997061335215,-0.030070995760359587,-0.09912099924413467,-0.10405999514321967,-0.22081999021863022,-0.23875999442225707,-0.07783199754360487,0.13451000804212337,0.11554000704014099,0.06058500261710551,0.057741002290977686,0.09442400732083975,0.18286000758827511,0.20091000943044202,0.18610000557442066,0.2293700034072502,0.10868000634235118,-0.20036999720373705,-0.2291899911196869,-0.09066899777958079,-0.009200993749468337,0.0743300018739624,0.13742000303817414,0.168340004050053,0.23469000064912843,0.1283100094047659,0.03667100221511052,0.1088800045396588,0.14932000840789386,0.08853500501250137,0.03571500501384422,0.06022200784342241,-0.04776699663383418,-0.07255699467112955,0.06784400344887681,0.21259000149994384,0.2186300064756123,0.1372200039171496,0.11532000740187243,0.054279001158319636,-0.14108999742600994,-0.21880999452447014,-0.032242991692269456,0.004790205103702039,-0.061605991948193585,0.004876702239790608,0.09025700811405424,-0.010485993000561135,-0.04741899390818703,-0.07652399839852206,-0.27448999357683646,-0.3005799935986699,-0.12474999911960843,-0.17266999861545548
R5,-0.5824599957112416,-0.5792499984809318,-0.4767599979882603,-0.398519995529937,-0.43868999835799455,-0.17864999796735187,0.03757000781791171,0.11020000943592041,0.1687500044766965,0.15617000910375453,0.1731900055883427,0.09734500792670528,0.10701000434619495,0.2858700083315247,0.19488000493192295,0.007608601232782277,0.0949980028944734,0.057077001378239636,0.008481004443582903,-0.050245993515305495,-0.11976999655848314,-0.02590599926009705,-0.08218399109001531,-0.14846999691240154,-0.11095999189801016,-0.21352999618979082,-0.24433999748214316,-0.326789991849553,-0.3601399950397207,-0.322299997717706,-0.2501899934016493,-0.3011499928074667,-0.4061199951986076,-0.4316199910558218,-0.32225999983876336,-0.06816099231899045,0.1280800072609732,0.04803200981800106,-0.061203994321100255,-0.05747199657841009,-0.08238199526153779,0.031364005183079496,0.12341000442774061,-0.05955199880080579,-0.165959998142942,0.03258100296585068,0.23591000589669617,0.3568900011376256,0.39856000827876475,0.4092500028357433,0.3085300049431301,-0.015932995764795965,-0.11901999977040996,0.03326200251419181,-0.038672996014742125,-0.13531999902693986,-0.03217999399235858,0.10029000639786217,0.2552800057136101,0.4175400035614025,0.2673000094020685,0.03614700092940969,0.10624000463786593,0.3077900039053696,0.3064300044850335,0.2620800069810028,0.2789800010013369,0.07222400311345341,-0.037968991809819407,-0.09487199673291043,-0.07595599838722988,0.09500500784720015,0.18874000622531947,0.13765000960519436,0.07946200229537442,0.10938000156092174,0.14837000335234546,-0.0048827996742740595,-0.13273999682312823,-0.11539999852631863,0.02368100367797679,0.020715008052159978,0.013156002812486347,0.15142000148673304,0.22101000936957826,0.22013000445330022,-0.04824199002495266,-0.3323199985773819,-0.2829199902173122,-0.3261499971463599,-0.3561099984929433,-0.14121999017898312,0.07355300266147935,0.08502800556397598,-0.127399999410226,-0.2082299966159298,-0.06498399863137619,-0.08774199945264395,-0.14213999688944484,-0.20168999261129048,-0.3851399949080911,-0.43758999886627165,-0.25110999853669297,0.06882300392786286,0.11625000546481734,0.08828700579698986,0.023306005171103435,0.012074002818753636,0.2263600033140872,0.3553100084902675,0.3298000068527009,0.33918000016969885,0.16753000953787822,-0.2118099937418071,-0.2523799949885306,-0.01656299488770139,0.13792000444126137,0.19945000079733413,0.22011000751610688,0.22037000121539868,0.20495000960804854,0.01634000164167134,-0.05227999232378531,0.09006500970356367,0.1776100027491452,0.20256000059894116,0.2067400086228343,0.20017000483175856,0.09326800382260678,0.08525500303134642,0.18996000246822675,0.22510000676629693,0.292320007961937,0.33846000614693067,0.29146000614693,0.22470000967212317,0.007055906328802645,-0.14540999146350828,0.008653902679360077,0.016725001292696953,-0.07156199600015362,0.0816980082182016,0.24414000702897837,0.09127400437803634,-0.07914499204037459,-0.20346999346363273,-0.4120399992529661,-0.39506999225443995,-0.228649991211668,-0.24655999545286814
R6,0.0058433093268386825,0.005843305019339755,0.0058433013472418156,0.005843302565890235,0.005843305689553783,0.005843307807662313,0.005843309266239813,0.005843308032248621,0.005843308500448088,0.005843301691329616,0.0058433059317142795,0.005843309658755284,0.005843308540805906,-0.08026399960664678,-0.36705999062151423,-0.3770399923333566,-0.20912999051229092,-0.07061899609903219,0.004231703628696541,0.036289001055800886,0.0429520038204021,0.03651700246530741,0.026251008409276605,0.10353000167353438,0.38453000245108304,0.3913300052273813,0.22189000447395632,0.08271400778562457,0.00760040666700222,-0.024601992629772904,-0.031264991401787755,-0.024830994222623897,-0.014563994136677244,-0.005739091062451288,0.08616100075707268,0.2900300034612545,0.014754002692877285,-0.16247999960899212,-0.13280999767995322,-0.06900699289681518,-0.026213995832486358,-0.08692699206281393,-0.36061999521969745,-0.28066999797034364,0.17260000776329953,0.31806000171389986,0.3085000071064833,0.48719000434183857,0.42811000363529933,0.13520000133940926,-0.3071499999058451,-0.3945199994404852,-0.25418999181344154,-0.11670999656136354,-0.11726999131342244,-0.35921999015279815,-0.3524399940672039,-0.18464999308019042,-0.052961994467671,0.014743005325463462,0.04167000579251872,0.04541100240034873,0.037589000311470375,-0.05944799818220863,-0.35532999254608794,-0.3712499965200999,-0.20651999576570793,-0.06954699846826418,0.004640007204555185,0.03643400541597526,0.04295200808013829,0.03651700423262283,0.02625100712036998,0.017426009583648133,0.01163300182566614,0.008448001617978526,0.006915005080569351,0.09235900137881942,0.3788900006241949,0.38873000534368385,0.22082000227124854,-0.0038017988449879805,-0.3654499943347134,-0.4074899936678333,-0.33233999452781043,-0.38808999874164807,-0.026157991806895466,0.1926200038054119,0.17567000132252047,0.10876000050216576,0.05723600197468502,0.023680008253380843,0.0050532077150960445,0.08428900285199697,0.37099000995066683,0.3833400094323767,0.2177800011787512,0.08077300839736846,0.006791602127398362,-0.02486499566103215,-0.031410993534118144,-0.11093999485853132,-0.3874699993060989,-0.38861999439150957,-0.21491999394194836,-0.07322399143619808,0.0031601017147316647,0.03588100141910337,0.04280600647448859,0.03651700623780891,-0.05985699355765911,-0.35547999748943204,-0.2851399923127904,0.16638000082342455,0.39944000098112303,0.5925100018820629,0.4957800036343306,0.17343000992601906,-0.29036999456218365,-0.3921299971044639,-0.2586699927037415,-0.1223399939394983,-0.035419992542191664,0.011163005179777166,0.029173007643665372,0.029801009492570668,0.0232380081659244,-0.06989899146514267,-0.3616799986226415,-0.3745799962451388,-0.20805999730760552,-0.07021099705894758,0.09048500793794266,0.40919000475168443,0.33973000152349303,-0.12140999470193257,-0.2801699963362776,-0.19592999167568706,-0.09527499663960767,0.05583500241966957,0.3795900076777409,0.40584000062513487,0.2400500088172651,0.18303000344920886,0.30323000465559946,0.07620500429984765,0.1759200063318579,0.22047000860734406,0.12597000312467027,0.0388110045323632
R7,-0.06341999995124603,-0.06341999704744282,-0.11407999673948052,-0.2828099964720609,-0.2380199924905069,0.02949400850533878,0.11686000201020824,0.06210500768891386,-0.0005233747887241325,-0.09129899722726469,-0.2826699965303281,-0.29849999166437596,-0.20111999016179719,-0.11699999649849878,-0.06964999813335508,-0.04828399678812868,-0.04287999287682639,-0.09657699200150442,-0.2710399996001887,-0.2312899938121446,0.03290000064472035,0.11839000653087149,0.06273600574394442,-0.00028318002715032204,-0.04055399404588691,-0.06328499465614397,-0.022585994855957522,0.195390005565101,0.372630005173886,0.28303000566822145,0.105260007496028,-0.01877899879411484,-0.08092799600435777,-0.10339999454252392,-0.10337999770529455,-0.09347199293583484,-0.0822399951847282,-0.07363999661019564,-0.0683579976818816,-0.014923995664010597,0.2057600032881765,0.3809000041066705,0.28823000971968105,0.15870000565303896,0.20190000167345862,0.14488000165294201,0.023310005252867593,-0.007654191317017842,0.07620400694696972,-0.09427899240753827,-0.19425999961806295,-0.21854999359817745,-0.341009992656376,-0.3152199908743392,-0.19753999182137535,-0.10623999767715153,-0.05895799992234172,0.01010300262965885,0.23178000099675067,0.40115000605080564,0.30122000809686217,0.16590000465113608,0.3067800028235598,0.5852700041762734,0.4744600008120261,0.14421000821699936,-0.22185999642059348,-0.2728599942295497,-0.03838199927985636,0.05020700322042891,0.011844000514704772,-0.0322209901452412,-0.05799999141103014,-0.07171599985701085,-0.12759999570094335,-0.2955399910975151,-0.3484999941507871,-0.4147299903331062,-0.3364399991158844,-0.19212999216183899,-0.09103699128933947,-0.09343499823377749,-0.24692999688249864,-0.2548399978946879,-0.16502999190233258,-0.09299199409157906,-0.056020995963474485,0.05984700103074763,0.39896000324252356,0.4058600090940862,0.20177000389742522,0.033449009769607366,-0.058116992751107266,-0.09771099311347223,-0.10644999664974755,-0.09927199034610663,-0.08734599301862336,-0.0770479923086103,-0.07023199692984788,-0.015825996249053374,0.15471000127484863,0.1613600017643662,0.01222300928029937,-0.237819997028472,-0.23706999674510468,0.011582007883639129,0.14568000536553274,0.26345000010245934,0.21273000477143067,0.07901900342061341,-0.021706991077720086,-0.07382999515921541,-0.09319399544357758,-0.04343299255892237,0.1325500042587145,0.19772000642757662,0.3249900060249749,0.4222600079158244,0.28749000040224465,0.08941000477041479,0.011100004151911478,0.12087000433501366,0.11009000719575215,0.01636100292469518,-0.10254999138917724,-0.30220999366860923,-0.3174399922896201,-0.16623999316490154,0.09068800991020626,0.0973560027775378,-0.14555999663846916,-0.22534999531311864,-0.17242999394865663,-0.11493999223150114,-0.07962599164728289,-0.009574493767591084,0.16732000820910567,0.1737000091714048,0.12255000553799293,0.20632000656844482,0.16556000724148037,0.0464340003625329,-0.03972199986908414,-0.02961899917070651,0.17679000827471225,0.3525800060057908,0.26686000790824227,0.09449900323958715,-0.02493199328118715,-0.08402999937369188
R8,0.38595000371912647,0.38595000020080283,0.3859500059297523,0.42694000387294684,0.522470003325139,0.3907100015333002,0.2650400020032688,0.10152000162851715,-0.05043599548864616,-0.1323999948238146,-0.11571999488804,0.02627100553114574,0.04733900809496349,0.02537700809512549,0.06813300307336632,-0.13177999336849233,-0.36351999429767684,-0.3550999944803488,-0.19976999268306087,-0.012590991926641301,-0.09231499395458032,-0.0706969923424292,0.22285000874190747,0.3006300023385847,0.332630000174473,0.3488100045342986,0.2461200013196438,0.2061500069587848,0.14238000282772428,0.1523900090101205,0.12210000849155105,0.15050000423190085,0.12810000648841316,0.15782000146328962,0.09279900122034894,-0.05719899735954366,-0.2241599911182875,-0.08137999732736345,0.13378000387575562,0.12994000842887565,-0.012120993705866136,-0.22644999282062073,-0.23182999558190165,-0.0332579950416353,-0.006656691449847711,-0.18286999507799095,-0.2725699982174448,-0.35604999725930053,-0.30957999298801403,-0.24113999295822747,-0.2556899958159897,-0.12360999533803005,-0.16036999202470476,-0.13774999975633517,0.04233300223759398,0.0856080027038252,0.023750005115848977,0.004468205952022924,0.10494000511051654,0.13219000109196427,0.181780006207083,0.12058000220693536,0.007865307512177412,-0.11121999949908803,-0.32530999762614016,-0.47752999900381593,-0.3589699916133547,-0.06907399831450209,0.08600000992182381,0.19927000887396784,0.16000000513406473,0.04638500666459237,-0.04190399067275553,-0.08940899053517053,-0.10843999181361003,-0.11092999413933492,-0.06492099670243194,0.07819800298158448,0.08822600413296466,0.011589000695377315,-0.011592994413548231,0.09015200833951574,0.08002900556530075,-0.0029474932537915306,-0.06574899639080908,-0.09649299073135482,-0.1075499925827843,-0.10796999722046567,-0.0623979934853981,0.07974000581664446,0.08900800680066423,0.05295000678362289,0.16611000721957442,0.31347000667844316,0.3598700053350417,0.21571000747767027,0.07833900741382907,0.06193300079220463,-0.07870799732314529,0.0015088083600347216,0.1630700066262252,0.13108000367340944,0.017746001091624268,-0.022141998921125304,0.07479500781224831,0.06550100855442821,-0.014052994319627553,-0.07296999976549702,-0.10055999710859961,-0.10957999163408168,-0.10888999915016215,-0.06278299883198811,0.07961500593240257,0.08893900298833723,0.011961008233960683,-0.09337599804849367,-0.26479999303347246,-0.2844899998436122,-0.207609991915919,-0.13853999506277856,-0.05703799797336183,0.09894300251067847,0.10962000428619087,0.028148006611594723,-0.08293199134814365,-0.2589699980762074,-0.2816099993561923,-0.16530999676793828,0.0394750046142082,0.08442900236806428,-0.01715399318654447,-0.21374999153268864,-0.29666999814919764,-0.37266999563990527,-0.31854999540680695,-0.1615699924955834,0.0595850068135333,0.10661000398680039,0.08230800425140236,0.1525700006819134,0.11509000534891556,0.05355900943362901,0.15637000010020266,0.2616600052906868,0.17427000670887494,0.028585001099584714,-0.06754399666738606,-0.1531399997615537,-0.26224999784146996,-0.12750999056021314
R9,0.012463008778893244,-0.040731998885344116,-0.2179099997736565,-0.22406999057379776,-0.12033999068577718,-0.03477299085833725,0.011468003848897734,-0.0219229977690935,-0.19497999337326963,-0.20511999790833252,-0.05453899916809655,0.2027500050259501,0.2515800035029823,0.16569000139635937,0.08328700463473294,0.032661000924793175,0.006351705065595882,-0.003306199998695353,-0.0029096912327945578,0.001465000958120495,0.005969807967747636,-0.0440569918293888,-0.2194299925787446,-0.2247399951695799,-0.1205899945863609,-0.03486299347389979,0.011468006605470444,0.03127200926605517,0.03538800422438097,0.03141300944812254,0.025070006704699648,0.019619000511898663,0.01604000238820231,0.06726700065613742,0.2966900034091403,0.47962000550623984,0.3818900081031965,0.19250000591961527,0.06069500351205786,-0.05854499358272666,-0.3128399980572207,-0.49631999205225863,-0.38843999856972444,-0.187339995957107,0.0066939070912448145,0.25546000047103706,0.2884600051400653,0.13303000975113533,-0.139459993922321,-0.20340999357856812,-0.1284199997698262,-0.05251199568038718,-0.005210993210041172,0.019579000574788466,0.028575008812056185,0.08112100878356517,0.2538300087072111,0.2554900029150211,0.14859000512719744,0.061219002429865124,0.014121001483283149,-0.006093192823907549,-0.010371999834255616,-0.00648649081060034,-0.0001440643408460365,-0.047886999925780556,-0.2214799989215172,-0.22567999813919273,-0.17419999641783393,-0.2653999980759318,-0.17195999487412858,0.12884000540695942,0.2246900042746591,0.11003000934851404,-0.13924999390224785,-0.19299999233865212,-0.11661999151285905,-0.043481991682011036,-0.0528599933856977,-0.20787999949033092,-0.2066099991308238,-0.1043099940922137,-0.07671799036573326,-0.1591199944342825,0.028430001243895574,0.08744400276039398,-0.11272999968004696,-0.1649699905648915,-0.093291997040514,-0.027080997162933936,0.009101607238987912,0.025591008042947495,0.030188009719484418,0.027924006396562492,-0.030091998579879778,-0.21169999312870288,-0.22090999854565188,-0.11888999840843807,-0.03420099658320386,0.011720009973359674,0.03136200513151403,0.035388001182721514,0.03141300827882594,0.07826600140464697,0.24999000153318668,0.252580003012791,0.20007000923957902,0.2907300010028487,0.3034400014321648,0.4101100009800615,0.5036800071074441,0.3638500093928929,0.16109000519178565,0.03061500038710593,-0.02787599541550183,-0.04348599140923012,-0.0372289993748969,-0.022922999578475968,-0.008998392123085456,0.00106900055918608,0.00702500857386718,0.010102000460052283,0.01154900571600839,0.012121006564398682,0.012373004649719438,0.012463009641761134,0.012463006638907414,0.012463003634696455,0.012463006783767511,0.012463001332609072,0.012463007494348675,0.012463005037985187,0.012463003505418969,0.012463001285750303,-0.0407319946704422,-0.21790999296558464,-0.22406999768440472,-0.12033999593716387,-0.03477299946470538,0.06466300412197618,0.2084500060430005,0.041555009748564554,-0.07231899330685436,-0.007302697939904314,0.150550000182224,0.002402402804189089,-0.09377599985462155,-0.06846799029924444,-0.02718299904884018,-0.0017992943329281192
R11,-0.015151997351995294,-0.015151999328953008,-0.015151993272860466,-0.015151993319771014,-0.015151992446241961,0.0504300091841694,0.2688600065766829,0.21088000551170108,-0.13542999737601924,-0.18294999269515796,0.10636000615016514,0.12946000997482843,-0.1649199929411392,-0.2486999965904746,-0.16492999917831863,-0.08203499568452469,0.03207300844262754,0.27552000676666183,0.2927700053626992,0.16479000303842165,0.05492200379659848,-0.006775699650971445,-0.03463599632652894,-0.04174199804817266,-0.037807995273557826,-0.03038399133626847,-0.023861997324231634,-0.019560995813722688,-0.01713599710043367,-0.01596799898100469,-0.015462996086546627,-0.01526299426755495,-0.015151990477759879,-0.015151993799321663,0.05043000233971855,0.26886000987496045,0.2764600051756463,0.14858000307072605,0.04308400956253544,0.051657008410471106,0.2456700050637266,0.3137800034862166,0.409220002119514,0.31915000654049086,0.14098000195650678,0.015486002675312666,-0.04417099358108233,-0.06251799520338125,-0.059267990293518286,-0.04744599771696769,-0.03510399507868279,-0.025956995682781498,-0.020377998093941013,-0.017445996518130863,-0.016078996317159547,0.05011900824215454,0.2687500062474296,0.2764600049616009,0.14858000486328085,0.04308400363022528,-0.013923990711444754,-0.038339993424025116,-0.10899999976977741,-0.3225199919474792,-0.32230999600106286,-0.18769999109787922,-0.077796999561447,-0.08394399898783399,-0.21120999190404965,0.0051974025177045306,0.13598000933709614,0.10588000218247458,0.11626000841065022,0.2976800018558187,0.2835200074143006,0.1444900088544986,0.10116000551301364,0.19789000117111077,-0.03514899331436566,-0.17372999195463085,-0.14516999061118838,-0.022625993682959564,0.23542000897951074,0.2012900030502698,-0.13251999548980672,-0.2415299900152923,-0.10565999062829272,0.19174000277261574,0.2494000082078792,0.14957000146756694,0.0563090054974082,0.0008163588782504374,-0.027095995422450204,-0.03657699502743007,-0.034919995684615,-0.029021992084464404,-0.02326799360655693,-0.019249994751865982,-0.01702499470530415,-0.0159679936599967,-0.015462993725086345,-0.08084399243856133,-0.3647399999974943,-0.5907799952121211,-0.4704899950097378,-0.2371099983287923,-0.1401999916623954,-0.2771999978428303,-0.2553099981682114,-0.1272499962984664,-0.1000599970040269,-0.2760299993544479,-0.2703499935020104,-0.07864199309368242,0.23679000546654463,0.29190000276534384,0.1810100032229648,0.07586700419311805,0.011421009730382844,-0.08756199333860713,-0.318289993102655,-0.3256099948777824,-0.19243999560146632,-0.01581099688666579,0.26353000634520146,0.29778000903247726,0.1760200028941285,0.06613500020848986,0.001507605321175809,-0.09509999762948074,-0.25742999291537816,-0.04413199615770817,0.09800700588241243,0.08183000312627793,0.037557009067585495,0.007280009427146162,-0.010892993709453918,-0.020362992616707265,-0.023081998274638707,-0.021872992592318345,-0.019563993199333975,-0.017577995185944703,-0.016318992990978203,-0.015656997860753603,-0.015351992844798759,-0.015262992596229217,-0.015151997173246775,-0.015151997319768734,-0.01515199570783236,-0.01515199394111837
R12,0.03130700447920559,0.031307007555955516,0.03130700237668311,0.03130700677430345,0.03130700110924992,0.031307000332329915,0.031307000542586734,0.03130700230364683,0.0313070091324341,0.031307007434858446,0.031307005588910905,0.03130700422505883,0.03130700325635445,-0.07032199487671137,-0.4088099970244203,-0.4205899954502772,-0.22241999093521916,-0.05893799570997242,0.02940500900641474,0.06724000064816428,0.07510400209776623,-0.034118998379671264,-0.3847299956355924,-0.4069199989201062,-0.21557999054014415,-0.055863996312118094,-0.07095899035490387,-0.27076999350086234,0.06349500937447508,0.26569000969581436,0.21887000751218452,0.1333200098623629,0.07597600957664251,0.04224500617180979,0.02497700844647505,0.019671000569086744,0.02106300561730413,0.024470003194278233,0.027547005543446308,0.029497000301938386,0.030524008606905604,0.030997000075077795,0.031135009368845317,0.03130700291846952,0.03130700118345419,0.03130700318480767,0.03130700519106136,0.03130700730650407,0.03130700918214541,-0.07032199014514748,-0.40880999053893263,-0.42058999532405295,-0.22241999843018778,-0.058937992598790685,0.029405002699245203,0.06724000029325398,0.07510400483986818,0.06751000156473672,0.05539300719196149,0.04497700361513918,0.03814000291254524,0.03438100204277042,0.032572004374867285,0.03178900046503104,-0.07014999485519309,-0.40880999179692107,-0.42058999146257625,-0.22241999778245292,-0.05893799920376991,0.029405004326032488,0.06724000394191645,0.07510400468687964,0.06751000518186061,0.055393007524301145,0.04497700309560418,0.03814000440024698,0.13601000602062358,0.4726900069220073,0.4836900066412603,0.2852000027070658,0.12155000187934725,0.03320900220209493,-0.004626890836320107,-0.012490990404190338,-0.0048963981282479615,0.10885000017857105,0.4577600085939427,0.4763700020186289,0.28195000032663076,0.1202900042366939,0.13436000527670583,0.43532000685635663,0.43941000970797545,0.24883000046478293,0.09746600899497428,-0.08208999518870043,-0.4515799958229693,-0.46746999661784333,-0.25987999065974576,-0.08350599275701669,0.01556300612854916,0.16204000155157486,0.41052000035984654,0.07802600272634667,-0.1432699990317341,-0.11866999428102065,-0.05020299140407117,-0.0034547930648544042,0.024708000920249416,0.03938300234572405,0.04359600837565518,0.0417220003153603,0.03814400522156947,0.03506600356357321,0.0331160074207867,-0.06953899048530983,-0.40849999160806444,-0.31878999484141524,0.2177000074879085,0.39296000730261904,0.28313000629861484,0.1574900098585091,-0.024622991127731433,-0.4085399915250719,-0.44030999639785734,-0.34657999677914736,-0.5163099957411267,-0.4330899959125903,-0.19204999889725174,-0.01773299760266243,0.06451500100461387,0.09084400125665959,0.08860300202734375,0.07434300044198736,0.05846700844037854,0.04624200768346595,0.03862200420132978,0.034553004354304605,0.03257200542881239,0.03178900008912222,0.031478001262895315,0.03130700761418685,0.03130700418842894,0.03130700183542611,0.03130700135320827,0.03130700520092607,0.031307008503515636,0.031307005303841846,0.031307009389969845,0.031307001779727145
R14,-0.03351799125556864,-0.07394599156872385,-0.038420993555010954,0.010789006518548225,-0.02560999691278018,-0.03605299719199166,-0.03604999804359294,-0.034718997510007246,-0.03395299227719605,-0.033651998566243006,0.8154300043434182,0.0694370080836543,-0.1554099922782266,0.70703000368006,0.04018200736196461,-0.11803999113663372,-0.09529399712426209,-0.06076699344204616,-0.0430559956602776,-0.07683199256037851,-0.039196999618456484,-0.02983499802047549,-0.030559995232193833,-0.07260099104043892,0.770610007104608,0.06856700533521139,-0.10805999384709966,-0.09226499016889685,-0.05993899201217897,-0.04284699494192746,-0.03635399332926808,-0.07472199118435097,-0.038617999638138396,-0.07011399488868454,-0.03541599297718244,-0.028293995225580338,0.7785200063186078,0.1064600065459566,-0.10568999280585221,-0.09734499897948953,-0.06337899559516348,-0.04432599492567347,-0.03686499208414946,-0.07487599249237134,-0.038658994566673294,-0.029695997793910897,0.009912303329036982,-0.027269997743345525,-0.036923999830983226,-0.036379990502839216,-0.03482399482047109,0.00644590546060844,-0.028756990757842386,-0.03743699252991061,-0.036532999290316844,-0.034865993140276504,0.006435907403813711,-0.028758999600056425,0.0029910087366139637,-0.031629992076323415,-0.03874499269843495,-0.03699699729764811,-0.035006997500017914,-0.0340309926666092,-0.033671990658613336,-0.07398799737408529,-0.038430996268600665,0.010786005464181741,-0.025609995334524138,-0.0360529948107422,-0.03604999325699299,-0.07514699731552696,-0.03885599784091983,-0.07020099073612494,-0.0758809995970803,0.007220605200198322,-0.021259995183216026,-0.032903992953798866,-0.03466599021862523,-0.034235999119221684,-0.03380699834236582,-0.03361299255562057,0.0068826053416990735,-0.028622993339635812,-0.037399990255419235,0.7720400038725755,0.06319900544464375,-0.11157999468187402,-0.09376299384299445,-0.06045499530965499,-0.04300099283451035,0.004031902684472176,-0.02940099631003672,-0.037595996262463106,-0.07699799899048643,-0.039765995694713493,-0.030112996393312268,-0.030656999871916668,-0.032212994010341146,0.007373302631044831,-0.0284739915427142,-0.03735799699628447,-0.03651299824237891,-0.03486099533718002,-0.033991993619916755,-0.033661990362823975,-0.03355799095337613,-0.03352799870274387,-0.03352099480362781,-0.03351799409287591,-0.03351799700653307,0.7750400008587098,0.8326700067646507,-0.017943998807869208,-0.16732999660506578,-0.11750999236075094,-0.06854299749341486,-0.04539299648990406,-0.0370359960433041,-0.0344629903759879,-0.03375399694960669,-0.03356299930104804,-0.0335179938113386,-0.03351799431658568,-0.033517991533240324,-0.03351799326001885,-0.033517996816548296,-0.07394599824414182,-0.038420993462513243,-0.029638999821645615,-0.030512994178016173,-0.03217399097477902,-0.033044998908885785,0.007053305111019356,-0.028575993250949425,-0.03738799732258714,-0.03652099017392112,-0.07529099277902263,-0.03889499499006589,-0.029782998857307813,-0.030552996546792447,-0.07261099836612782,0.0024777021450262675,-0.024591995899105115,-0.03435299770567554,-0.03516899728086861,-0.03438699629208655,-0.03384799324439291,-0.03362299904617871,-0.033547997206596396
R15,-0.03286499240474111,0.006210104452735838,-0.02812599629097042,0.0024607081251798975,-0.03102999356754712,-0.0379139950878239,-0.036226990250335246,-0.034303991186430224,-0.03336099099745372,-0.03301299372766463,0.7485900068522107,0.061906004665472886,-0.10785999103351798,0.6905400015292416,0.035919003734862294,-0.11700999578357149,-0.09373399958787765,-0.02054599154926559,-0.037472992294542824,-0.03943899070217038,-0.03652899872191195,0.004718409323534801,-0.028628998563594358,-0.03675299644468638,0.7456900079232854,0.06060600129515026,-0.10830999831073787,-0.09109399952735986,-0.058899999670637526,-0.042029998159604266,-0.03564599089273125,-0.033623995441364,-0.03305699466922479,-0.0329099917740162,-0.03286499866749215,-0.032864992384589925,0.7486300080161196,0.06191600437577241,-0.1078499930889034,-0.09095499610650364,-0.058861998321813075,-0.08109499254492439,-0.07945799353936686,-0.07368899877766596,-0.031141991546054838,0.014118008979792604,-0.02346399316898516,-0.0347179924876604,-0.03513499110210607,-0.033977992323667924,-0.03327299355479261,-0.032991998779119854,-0.032899993104242214,-0.03287399007503614,-0.03286699990095336,-0.07193999573367033,-0.037603996277194664,-0.029114990825294382,-0.029959992744027556,-0.03156499761795708,-0.032406993805377614,-0.03272599323925281,-0.03282699715915049,0.006219701060458997,-0.028122992189902427,-0.03661399184485589,-0.03576899846088908,-0.07323899945958025,-0.038061992334294095,-0.029253991452242528,-0.02999799294352958,-0.03157499883076332,-0.03240899556437015,-0.03272599225940681,-0.03282699430812734,0.0062197084348578876,-0.02812299530276764,-0.03661399119654219,-0.0357689924921869,-0.03416499230662786,-0.07239699522532121,-0.03774299208082521,-0.029152996141586413,-0.029969997195296073,-0.031566994175239636,0.7490900063693193,0.02298000182536503,-0.1516299967481738,-0.09193499217668036,-0.05220499293836037,-0.03781599574084589,-0.07296099059969159,-0.03776699559364838,-0.029129991024950414,-0.029957999226855783,-0.03155299256938793,-0.0714799989256204,-0.07653999139957643,-0.033815993445111825,-0.02620099079423977,-0.028657994983251802,-0.07018199000743887,0.002067805215207585,-0.06327399147023774,0.0006737575503605313,-0.02596899669549505,-0.03454899289693653,0.004286603499668036,-0.06814399563840398,-0.002625498530091128,-0.027388996672613686,0.7073800032136813,0.8366000093331672,-0.010305994956305235,-0.1633999900899895,-0.11575999873155737,-0.06758999325955747,-0.04466799644404911,-0.03636799786926542,-0.03380699562595815,0.005975000562904361,-0.028170995289037035,-0.03661399955842922,-0.035768994747604525,-0.03416499583291065,-0.033322993520585195,-0.0330039991769522,0.006172104354883049,-0.028134996804823013,-0.03661599150791792,0.003305607441790176,-0.02942599892300217,-0.037071991525305756,-0.03590799109617428,-0.034202999581759944,-0.03333199255719578,0.006068907261372021,-0.028163992803810007,0.002451104857545268,-0.031032990220472935,-0.03791399726282729,-0.03622699581682382,-0.03430399188458209,-0.03336099626499459,-0.07208799437973844,-0.0376439952410899,-0.029124993038030268,-0.029962990532098045,-0.03156499081909531,-0.0324069928318476
R16,-0.00207979699958197,-0.0020797970363254847,0.04714500991407319,0.21109000379318066,0.21680000919245107,0.0715870054569828,-0.22076999927484847,-0.38398999491352087,-0.1480799926795565,0.07820900937213186,0.2718200066406178,0.2653300034325961,0.1537300002662562,0.10889000880748298,0.169290006286972,-0.06286299202490254,-0.33441999096262487,-0.31957999623301236,-0.1806299915519169,-0.022155998087180283,0.20276000311310452,0.23624000162512554,0.14720000656924265,0.06397800833451836,0.013736008695135245,-0.011041990216590162,0.030117009686713988,0.19543000099126318,0.20590000823814908,0.11451000256387923,0.0384040089404549,-0.002647495880010982,-0.02009699600276073,-0.023526996541772496,-0.01969799144485729,-0.013745999674164252,-0.008700997253911474,-0.005389591616233162,-0.00356869363223721,-0.002692394936532003,-0.00231309692890602,-0.0021628920816527644,-0.0020797925389981864,-0.0020797906465911528,0.04714500944195461,0.21109000010148746,0.2168000041962231,0.12081000744415867,-0.0075934916293357605,-0.21432999323661117,-0.23835999514569442,-0.14617999263850848,-0.06332599504392104,-0.014666999251636868,0.008703607993214702,0.01582400473341751,0.013966002854383956,0.008973804390518907,0.004308100395144167,0.05037100481397267,0.21258000032037053,0.2174100096404073,0.12105000723170573,-0.007510290005145784,-0.21432999396960825,-0.18913999892740724,0.06698900479229725,0.10633000548978358,-0.10494999022334858,-0.16646999537297844,-0.15536999906109253,-0.2603199942224611,-0.23203999540800957,-0.16793999229687098,-0.24618999874369402,-0.20947999410852258,-0.09859799610414688,-0.01921099186079276,0.017314001837462435,0.02824700574470675,0.07550900784811088,0.23217000806472166,0.23004000990883164,0.128050003991747,0.04517400261672098,0.00041369684000672636,-0.018871994336318438,0.026165001948361837,0.14442000358547324,-0.057263999866480404,-0.31785999101355583,-0.3034499930264215,-0.12002999531465015,0.14845000368760897,0.21184000539051626,0.14181000103554808,0.06871300313075994,0.021422002593732337,-0.0045067972057549486,-0.014850997842772393,-0.015428998780040148,-0.01187799319701033,0.041286000432118476,0.25733000726139454,0.47779000385299775,0.5522500088879985,0.3831700097610881,0.11614000337320991,-0.18802999614197974,-0.25865999759059716,-0.18111999898711964,-0.09620499513912954,-0.03882399069973281,-0.0062723977305767405,0.007713705650510958,0.010044004872038997,0.05647600468175504,0.21679000549086727,0.21979000179146727,0.0729930032192511,-0.17092999943831388,-0.26902999034932934,-0.35546999677454977,-0.2858799992640855,-0.09420299155135713,0.17312000947113398,0.2304700003391083,0.15244000639347838,0.07302100124242104,0.022385008347480865,-0.053965997269094054,-0.2776599964618913,-0.4477499972029732,-0.4030199971131725,-0.38777999353885423,-0.26866999927686286,-0.10988999677073322,-0.007784897079019842,0.035514009437696455,0.0936670056720879,0.25060000309150054,0.2442700014973697,0.1372800080493723,0.050354002763990234,0.0029973017365312483,-0.017678998279237787,-0.02259699936550599,-0.019381998459138374,-0.0628869921647163,-0.2218699983360629
R17,-0.05145699632941765,-0.051456991603208234,-0.051456994871486875,0.0042158037880683195,0.1896400042760536,0.19610000625471788,0.03186100951979296,-0.29878999381729054,-0.5390699999311139,-0.40201999308162967,-0.022776996149959032,0.12579000895401438,0.09298200786163978,0.03416800000940277,-0.010333996130171592,-0.03979899113146328,-0.05545999573182093,-0.060321994038493795,-0.05931799388622502,-0.05656899399504622,-0.054243990576499625,-0.0527829993903602,-0.05205599370222425,-0.05172099398097828,-0.05155099120443572,-0.05145699698366884,0.004215803590844121,0.18964000190728314,0.19610000826482035,0.08753400069475206,-0.0020202962603064747,-0.050414997233904496,-0.015468991819085093,0.1656500070670196,0.17627000601078557,0.07433900870125407,-0.009508990528003252,-0.05415899398963953,-0.07282599561591546,-0.07614299683074399,-0.07155399051850263,-0.009072696729779983,0.18216000462039575,0.19235000844635566,0.08585000941625401,-0.002713094601542761,-0.05067899704971918,-0.07123599796701771,-0.07544999222088343,-0.07128999403642992,-0.06465199479853131,-0.05894599223804737,-0.0552009937089382,-0.05314099958015057,0.003523003594521199,0.18938000954168493,0.19600000614470933,0.031861007768957075,-0.18744999024923475,-0.05686899155533117,-0.018250996697823377,-0.2269999937287928,-0.2704499913176585,-0.18291999467049522,-0.104079998191707,-0.0047297997953839495,0.25668000499673005,0.4547900080343578,0.4065900035290411,0.38911000097534043,0.25307000078079783,0.07220600843600646,-0.04418299318646122,-0.09364199149140032,-0.10390999034295705,-0.15170999806479332,-0.3236199974950993,-0.31762999974245654,-0.20030999724662216,-0.1055899914126698,0.0011318019158341084,0.2642200025169791,0.4609300005110913,0.35483000769271195,0.20584000034768762,0.24761000389365262,0.1812000016763744,0.04554100264769057,-0.10082999624565066,-0.3242799986598059,-0.28360999381441787,0.015428009442287755,0.06572800338313982,-0.17017999138656964,-0.18265999001210792,0.07158600044029166,0.20070000412936775,0.31610000442848585,0.2526100080250544,0.1587000050679088,0.23342000074370217,0.1832900035350922,0.05408500164998644,-0.03606299467269609,-0.07631599940915301,-0.03180799661248889,0.1567400076052886,0.17192000938135155,0.07239100636191394,-0.010295993417631915,-0.054422993460910216,-0.07291999235409105,-0.07614299129820432,-0.1272299902592319,-0.30584999922766554,-0.30649999429093455,-0.19418999198186357,-0.10257999971193828,-0.05319199890785514,-0.032036995825916036,-0.027558996703037516,-0.03162499687554135,-0.03826299594785542,-0.0439689906399972,-0.04771399227526314,-0.0497729978305977,-0.05076399010391767,-0.05119299132239997,-0.0513629993553145,-0.05145699262024131,-0.05145699570785645,0.004215801947627411,0.18964000023164151,0.1961000011580145,0.08753400578417854,-0.0020202979567189496,-0.05041499112916507,-0.015468995013065623,0.16565000863175341,0.1762700064545496,0.07433900633571765,-0.00950899079278118,-0.054158996610840525,-0.07282599572090206,-0.07614299780336843,-0.07155399810227411,-0.06474599155954695,-0.05894599580902798,-0.05520099183144416,-0.05314099419276647
R18,-0.5208299907090828,-0.5042999997739358,-0.4492299984739612,-0.44730999346182493,-0.4547499900313033,-0.39873999889714695,-0.35236999112664663,-0.15626999161416277,0.059874002594112664,0.1840300043481106,0.17028000000026108,0.019732007573508247,0.174540001089614,0.35061000241313456,0.15736000237574227,0.04194200173249669,0.009225009462368827,-0.14069999937213526,-0.17943999895892424,-0.2867799949516151,-0.3317499968014724,-0.230409995536126,-0.229939992705282,-0.11801999229525505,-0.011967992262047988,-0.09992099089538913,-0.12193999290211997,-0.1944199989202739,-0.17453999385419336,-0.21770999792131315,-0.17992999612362146,-0.2137099950562619,-0.13181999292100083,-0.07012599269410652,-0.10658999312151451,-0.03566999853210438,0.022634006040779253,-0.09668999960276009,-0.07415299611641799,0.04336300745215181,0.09673100463534662,0.02673500772685456,-0.02273099119179322,-0.15306999944013058,-0.07350899474925449,0.23819000490704,0.47917000487530137,0.45196000375141493,0.32164000578616686,0.2186500032313565,0.10130000639985784,-0.11932999610559618,-0.13339999857012036,-0.07488999166847121,-0.2091099906094266,-0.2973099944759843,-0.12255999112632322,0.16230000135188624,0.17865000958133664,0.11490000001305155,-0.06476299465838485,-0.06701399388294381,0.06956500658563486,0.18118000400501105,0.21032000704970666,0.19916000406365658,0.12354000855158256,-0.07632899155274867,-0.12432999390480583,-0.16803999841012782,-0.003770495897850049,0.012911006630142717,0.03536600405441225,0.10157000162337945,0.14900000493981433,0.16785000690903015,0.11299000426902787,-0.08337199518757143,-0.05440699477296122,0.1908100068402687,0.18559000936457296,-0.09485899051202049,0.12273000746110106,0.2937400097437634,0.23076000822320294,-0.02168099059498318,-0.25705999283631004,-0.19695999746602252,-0.05967199757768483,-0.12633999934961518,-0.08270299468257883,0.043948004332352006,0.07548200254805118,-0.09440599442979224,-0.14563999860924234,-0.03798899004033369,0.020795003883618702,-0.10383999088538093,-0.13921999051759693,-0.22917999696227667,-0.24448999895278642,-0.23012999091357336,-0.013698995988370039,0.3600200014720935,0.27985000747881694,0.11962000602213194,-0.0783579999348891,-0.06156199653679324,0.04519200616555338,0.11855000088131638,0.1552000058256671,0.1119800019569187,-0.13740999371752322,-0.33398999137051666,-0.2070499981099067,-0.005368394427131564,0.11870000921982146,0.2169600053208365,0.3727700041434729,0.3742700062763996,0.22383000912369375,-0.006359290059522277,0.07985100032166077,0.17692000075546063,0.18358000101921806,0.21065000581383303,0.3383900051545389,0.3197600002738151,0.22061000988602641,0.28761000966519956,0.28844000264968234,0.21971000916873046,0.16516000535735323,0.13904000986572054,0.13015000208207197,0.07222200035228384,-0.11659999046157364,-0.07713699375534397,0.11938000937696464,0.026999001507062227,0.03268600282020805,0.23894000498810133,0.24776000884164562,0.054705009843510635,0.10036000007565767,-0.06595099653122709,-0.28771999751991606,-0.2190699944808394,-0.09366899760951816,-0.15488999002704062
R19,-0.03407499019063291,-0.0340749917541376,0.020084003510938635,0.20047000687356797,0.20675000845163471,0.10114000981891762,0.06817700685871299,0.20148000966069485,0.24176000807893416,0.31234000518513927,0.23555000162957676,0.03515600841814812,-0.24695999652357842,-0.3008699939757563,-0.15520999347901113,0.16969000810583632,0.4134500003147407,0.398700008897152,0.39819000837644275,0.2708300082573795,0.09394200071842068,0.03220700444469756,0.16224000918131992,0.15702000676853156,0.00419070667560797,-0.250489999201529,-0.2919099916297036,-0.19802999883616956,-0.11007999336065838,-0.05636799740043021,-0.02852699542580316,-0.0182759974047647,-0.018514994201131757,-0.02287699428954631,-0.027463999174343678,-0.030689993193630763,-0.03252799741485257,-0.0334009995271217,-0.08797699790567748,-0.2685299998250865,-0.27489999888325045,-0.16928999519498827,-0.08216699734254121,-0.03508799073180211,-0.01492499207627984,-0.010734998391467385,-0.068940992831821,-0.2557799970770625,-0.26760999668686636,-0.11148999648103991,0.09985700830033296,-0.028135991246512018,-0.1744399999103989,-0.3323099998755437,-0.30267999719377664,-0.17660999021754037,-0.024913996520374047,0.20715000027633526,0.23399000356960908,0.13070000022324485,0.09137000760693233,0.2705700024729112,0.43039000223609486,0.3768400074257286,0.36629000205157003,0.18963000867551036,-0.21272999726734904,-0.5073899966929916,-0.5075299944073152,-0.5038799973099192,-0.3677199990528138,-0.18145999734159934,-0.0036341946557292473,0.23249000133276254,0.25345000548200275,0.14261000657394532,0.04347200232167212,-0.06936199470043411,-0.278259994113452,-0.34782999817744553,-0.4752999930129058,-0.5696099971633825,-0.41814999163091504,-0.20177999663350987,-0.0614789943919948,0.0026801033278108046,0.020994009590861007,0.01575200350456526,0.0016957003878870047,-0.06647499944009687,-0.2028599962021419,-0.03481599609134464,0.07394100753425449,0.05397500120539983,0.013353009841716076,-0.013819997548949255,-0.02988399102402005,-0.0381219996212823,-0.04053199874479127,-0.039624997807923494,-0.037717995436551494,0.01808100998323026,0.1995100041575881,0.20633000094408283,0.1551300021119929,0.24847000766324312,0.15360000447526093,-0.15255999405560156,-0.2501499988434982,-0.1875699911250957,-0.11414999447462416,-0.06571399475577845,-0.03785999215931669,-0.025208993090807392,-0.022740991274403596,-0.025136997613370224,0.025640003278597893,0.20344000583164598,0.20813000668685602,0.10172000170896159,0.06843400905059698,0.2015800084682209,0.24176000137307982,0.3123400030528893,0.2897100013814573,0.3238600099856404,0.22841000047431292,0.07516900221150112,-0.026062995973345732,-0.06991099401857673,-0.08005899933848434,-0.07398399533062945,-0.008131997501075057,0.18332000767942508,0.1975700054704182,0.096730001991964,0.012123002125626623,-0.03382699831929944,-0.053480996841481374,-0.057505993706086576,-0.1075299940668507,-0.22729999484295885,-0.04763799126625553,0.0678950012158729,0.05140600439772698,0.012330004561308125,0.03999100645847535,0.20457000155890626,0.20270000596113416,0.148840003628297
R20,0.011854009231318501,0.011854002050458494,0.011854000091821427,0.011854004381336766,0.011854004445065411,0.011854004503033677,0.011854002821480617,0.011854008628936414,-0.03827499662839823,-0.20523999086061526,-0.2110499944980169,-0.11329999148709857,-0.032659995678968136,0.010916005769251344,0.07970800225245982,0.2505500065536866,0.2526200046619754,0.14889000165158364,0.06311100827915293,0.01616300540842023,-0.004353892263891483,-0.05925399573236689,-0.2729899991814648,-0.3898099954569144,-0.12584999653207501,0.06172300512643174,0.09003600815547906,0.07253100993749373,0.0518830057042014,0.033506007865224834,0.01998900055522663,0.012620002726372124,0.010087007665625536,0.00999830719288338,0.010624009382607399,0.011199001167663784,0.011553007907070966,0.011701002363327597,0.011770006740749251,0.011854006419930386,0.061983000725222406,0.22895000648898547,0.18463000692465376,-0.13021999297971107,-0.38362999744387666,-0.33525999319554967,-0.22565999970800477,-0.22215999748071805,0.004971900658090026,0.13705000259195987,0.1252100018353724,0.0817980002647168,0.04762400693603725,-0.02490599757612929,-0.20432999397799365,-0.21496999530993616,-0.11756999777209805,-0.03570999117309021,0.00914650532747289,0.028686003194403762,0.03307200931327837,-0.020569995345814,-0.24356999973057614,-0.42139999357788366,-0.3328299965302523,-0.15628999130915142,0.01715500856773149,0.2961000067954336,0.49126000691524435,0.34924000608081934,-0.005835498153476233,-0.1469699933317592,-0.1199699916255057,-0.06710099716836834,0.023725001718302777,0.21779000319970637,0.23806000103036207,0.14483000474972832,0.06336200848303966,0.017395000029176058,-0.003361096935104654,-0.008555099113564014,-0.005463998767755249,0.0002113853043451218,0.00519600222867243,0.008483608226554556,0.010338007654431765,0.01123000449888565,0.011617005950167304,0.011770006643241444,0.01185400975288853,0.011854001648014265,-0.038274998728557386,-0.20523999563281514,-0.21104999521714174,-0.06316699267191998,0.13430000952601173,0.016727003339343828,-0.06817399436124316,-0.04717899606552951,-0.013863999208421013,0.05520100669340729,0.23181000449810318,0.24187000982416654,0.144500003871934,0.062130000091022916,0.016403006164489975,-0.054059992113562105,-0.22594999730886228,-0.22851999250676794,-0.12501999621156776,-0.03931799755292947,0.007545401386086282,0.02806200625159663,0.032834000880786474,0.02947400144572246,0.023650009661501888,0.01859700456604013,0.015225002284773696,0.01337100700618419,0.012478000822782298,0.01209200268831681,0.011939006981843817,0.011854005816526349,0.011854007220042581,-0.038274992343531815,-0.20523999981597238,-0.2110499970137574,-0.16342999448737422,-0.24974999503544246,-0.21198999089492632,-0.09557199956881898,-0.011055990114178424,0.02877400245668705,0.04145900345826459,0.04020100240027813,0.03308200104412783,0.0753800052740473,0.2864400045864653,0.5055900052459235,0.5786000038104784,0.4050500009821657,0.1826900005504338,0.03966700784530813,-0.02653499230443786,-0.04533099778204827,-0.03948699188421933,-0.024626999251587546,-0.010139993358130657,-0.04990499669608153
R21,0.02846700070942964,0.028467002898318303,0.028467004254609518,0.02846700936260684,0.02846700847440949,0.028467003338069362,0.02846700729405535,0.02846700544718538,0.02846700076544686,0.028467000562194224,0.028467001171059565,0.02846700775179241,0.028467005445426696,0.02846700650468566,0.028467004273325387,0.02846700244418966,0.02846700248084709,-0.0498849961475627,-0.31084999672501823,-0.24157999749536085,0.17217000440948094,0.30729000466379947,0.2226100048586133,0.1257500063291735,0.06369900433536124,0.028675006221238537,-0.06508199695127762,-0.3282199935360179,-0.33322999207736104,-0.17530999877863257,-0.04540199910127098,-0.05334999299186488,-0.2839899931649803,-0.2865399960520717,-0.2177199913200539,-0.36185999464191065,-0.31085999724655794,-0.13416999548727396,-0.004972591498945773,-0.022464999298746593,-0.264199999097893,-0.27548999679510416,-0.13395999049485746,-0.020168990011544045,-0.03983699413266664,-0.27750999845402785,-0.28365999687059595,-0.13825999032407918,-0.10051999264303564,-0.3016399976293876,-0.2869599955794977,-0.13100999696744325,-0.09057499747673194,-0.2933699901793438,-0.28155999090751455,-0.1281099908952076,-0.010827992903906906,0.04654500322365379,0.14543000467129358,0.40695000735217846,0.40715000609194885,0.24362000374586906,0.10895000932727733,0.11369000586285895,0.3424500021167251,0.3440700081768777,0.19654000648129502,0.0796050010250546,0.019394001710820345,-0.08285699936624566,-0.34698999270860703,-0.34881999830335986,-0.18607999920650248,-0.051780997010610334,0.021732003404391805,-0.024551996780906242,-0.27805999234524176,-0.2923899982398854,-0.14870999879183314,-0.03056999253015776,0.032269009207950124,0.05854000008587065,0.06320800518885822,0.056750003389505026,0.04716900232992322,0.039006001098849497,0.03373500302709431,0.030837006926785555,0.0294420060575728,0.028838002120116123,0.02859900447223391,0.02846700917367907,0.028467004335887967,0.028467006309286818,0.028467001246120286,0.028467009211695024,0.028467000737091137,0.028467000351195915,0.10682000620318337,0.2894300007131701,0.03755000917753046,-0.12431999273446134,-0.09756799641922387,-0.03964199390102612,0.07764900439192507,0.3617200049613768,0.3827200024498807,0.2334200006584024,0.10607000454946916,0.035204003258664476,-0.07469099975966378,-0.34321999588571583,-0.2688899997151784,0.23219000387858482,0.5578500018444613,0.2264300017704817,-0.029412997061688956,-0.06331099459455257,-0.0398059919538603,0.06232000048082391,0.3443500063417356,0.36942000032808575,0.22525000456056427,0.10178000709085366,0.03320600088510719,0.0028188094080098293,-0.004275996549662883,0.0010267033205368131,0.010136008505509652,0.01806000442218748,0.023198004463316293,0.026097004463788237,0.027492004587045638,0.02809500162762396,0.028334002518791486,0.028467008694249337,0.10682000099105476,0.3677800035607291,0.37687000430933865,0.2240800001039438,0.09804200357965305,0.029933007254935327,0.0007632366429367897,0.07305300446290013,0.26152000660778646,0.018980003035089066,-0.21320999728630088,-0.44214999213304734,-0.31205999140484175,0.06367500595054464
R22,-0.13301999635419243,-0.13301999942844736,-0.11465999015480044,-0.053512991618861465,0.022048001029357556,0.23083000299557446,0.20981000382988707,0.050657009702464284,-0.07429999872822113,-0.13954999224042705,-0.16551999747162177,-0.1690099978186087,-0.11574999310547401,0.0471040041115141,0.07898800292243666,0.03754400643744304,-0.09244199601397954,-0.16889999228641606,-0.19747999031460153,-0.2483799952990141,-0.23782999233757784,-0.17278999538710235,-0.07461699323188913,-0.052625995262915656,-0.0985589992772365,-0.18763999147698315,-0.20729999468046026,-0.1990999934704142,-0.23411999673896977,-0.22023999309714995,-0.17611999482866203,-0.12528999957485715,-0.04846499219950071,-0.04106699833594937,-0.07703199294212955,-0.10902999461852209,-0.12779999778303813,-0.13680999771457023,-0.13960999103721114,-0.1389699962554544,-0.04534799547461833,0.26212000503455224,0.27394000674904506,0.0955910080121587,-0.005839796726802249,0.08573200300821238,0.16398000623562722,0.22240000734759513,0.1433100045621194,0.05647500956951785,-0.03886099323451382,-0.11876999938644175,-0.17833999069079853,-0.23215999327483605,-0.16894999249663203,-0.1217199902816911,-0.1188199971486541,-0.03382999906907733,0.37718000290050707,0.7516200033119852,0.6021200077352673,0.3922900041904007,0.5354900072948988,0.6868400014770486,0.4597800093365,0.17701000100001887,-0.035782999282896286,-0.07255099680673842,0.1812300051996329,0.23459000643893857,0.22702000491070512,0.10752000826258135,-0.043008994336674496,-0.13842999485779128,-0.17818999382146006,-0.1847899969812131,-0.175699991508646,-0.1620999998445009,-0.13179999489540026,-0.016598998397827462,0.14315000292271482,0.16097000339071957,0.19590000059922957,0.11194000000768688,-0.024144996464784976,-0.11639999023151251,-0.15847999513902894,-0.09651199852389399,0.17023000264119667,0.24926000926427222,0.11743000502744018,-0.029766992486467747,-0.1190899988652338,-0.16027999512634983,-0.17179999827851092,-0.14894999868996936,-0.07753399655092724,-0.06561399407966172,-0.09459199004855166,-0.12016999716761786,-0.15249999814765622,-0.21958999445888014,-0.17687999507124622,0.01333900499158792,0.14220000717118833,0.39463000469320986,0.49245000497987085,0.58351000556,0.3925700059366038,0.09865100698783916,-0.051633996885909486,0.011768001754605678,-0.0076213951905411545,0.0026464027770579813,0.2545600068764033,0.2450700014823726,0.0633430039748852,-0.07923399313763105,-0.15108999774757492,-0.1777299990686881,-0.19756999410133572,-0.2025699909715869,-0.03903299848139115,0.012312009913134062,-0.04112699401534323,-0.09545999244559587,-0.12680999583586366,-0.14176999701736212,-0.10051999462709518,0.05374400946987366,0.06265500463377319,-0.023373997450658136,-0.09479299463397525,-0.11495999203635686,-0.0702249995804059,-0.07135099082348181,-0.10360999772871195,-0.08169699371274666,0.0599130082532362,0.061486000092432457,-0.009376895750608863,-0.03822799047875315,-0.13459999616121968,-0.07744099755187989,0.29346000529249366,0.32391000309802737,0.10568000204163976,-0.12238999901499588,-0.21432999193379426,-0.21699999942751208
R23,-0.14410999697468893,-0.1441099971858618,-0.14410999083226236,-0.1441099911822948,-0.04560399508168203,0.2825000026376365,0.3136200093505422,0.1871400055281377,0.05066900877526028,-0.007760490210486321,-0.07384199997427993,-0.137009999999881,-0.11941999038642194,0.05742500389012165,0.13299000558169438,0.026974000083461992,-0.14915999371954303,-0.2205199997326086,-0.21405999019726432,-0.1915399920000093,-0.17120999919112592,-0.15611999160327225,-0.14700999960474798,-0.14308999719276377,-0.12255999094651744,-0.05734999237135737,-0.05566099695717923,-0.09450599691946185,-0.12640999814810894,-0.16334999469943173,-0.21665999261726016,-0.15488999989902072,-0.11270999759458963,-0.09738799987891342,-0.044314994479903384,-0.07019799007565357,-0.17931999091213574,-0.2159399950156386,-0.19536999368129718,-0.15091999891503974,0.029533001186691974,0.3693200026538992,0.3662700086885418,0.22855000037817938,0.16920000234748214,0.1831800001111896,0.043572001560940744,0.007827709620292589,0.021022005223694074,-0.04065999155422992,-0.11651999355399913,-0.15922999751802033,-0.1737899969780864,-0.17375999351382396,-0.16750999482306425,-0.15979999644633186,-0.15325999798264564,-0.05038399434483428,0.3787600042293498,0.7195700080990338,0.5197900062069084,0.2023400052081207,0.38268000210439573,0.6383500037757613,0.4450700023984082,0.11138000828657808,-0.10626999270857092,-0.10669999562259451,0.19236000263665232,0.26069000704395767,0.25513000727970536,0.10571000728607866,-0.10482999396673277,-0.14700999940635326,-0.15133999561607417,-0.16658999221811463,-0.17218999745690342,-0.16773999125917205,-0.18058999457520886,-0.19125999418890163,-0.025300995729685204,0.07099300921577205,0.1725600046407493,0.09760600752730697,-0.09901299457518692,-0.19705999307078756,-0.20664999532918957,-0.07372199251406061,0.3372000081593418,0.38534000593837536,0.2304300037432336,0.04761100927647744,-0.09187499453443312,-0.1871599971771087,-0.27937999735507807,-0.2804299914433617,-0.2099399925347177,-0.09911099516045735,-0.06945999660845205,-0.09418499732404849,-0.1209199934252559,-0.1378799975694512,-0.09759999334527107,0.04355600911842767,0.08236200867286778,0.3137800001438887,0.38457000486373943,0.5106200081335226,0.38274000583111933,0.17448000072669245,0.03624300475909757,0.09278200175766338,0.1058400018724434,0.09887600393026791,0.319950007442069,0.27385000434711837,0.08123900999258508,-0.012016991653097962,-0.10645999745948989,-0.23648999717749397,-0.2690299915069545,-0.18513999613702894,0.018476008364146763,0.05154900739718472,-0.028299997387678653,-0.09970999171997148,-0.14007999813499683,-0.15864999409442906,-0.11419999788345808,0.05272500169084813,0.0834320016173207,0.05776200240273832,-0.01598799436036378,-0.11515999560327489,-0.22996999984892644,-0.2331099975458581,-0.13256999766376515,-0.04491099236644538,0.10437000057464607,0.09138100637802117,0.003275102689257724,0.0027628009765603015,0.025086003807615734,0.06907700471174393,0.32451000547596764,0.27244000533249796,-0.002851191155176375,-0.16682999614582567,-0.21048999005475857,-0.20970999354337286
R24,-0.594709995822195,-0.4983799919883592,-0.206449990333484,-0.29152999148457825,-0.386399993010007,-0.16415999486781982,-0.15170999456627188,-0.15452999669701442,-0.00969729413441232,0.14069000707325627,0.18199000196105508,0.050113008810655675,-0.024071995228936032,0.06281700159804317,-0.0557459950913726,-0.052653998920780376,-0.004011994739408584,-0.13619999950353553,-0.16664999355307072,-0.24468999355713167,-0.14443999459016735,-0.02911399025344518,-0.12861999854413914,-0.07933199279044768,0.0005136976742648239,-0.12074999661647749,-0.15045999760179754,-0.23150999777793982,-0.2026299980832392,-0.24799999502441905,-0.1718299957985222,-0.11315999863571433,-0.06170099477277154,-0.1580599957189093,-0.12094999521092482,-0.08899499352952735,-0.14785999065730301,-0.2717399991242452,-0.16441999175712446,0.03335500362157396,0.19448000933540005,0.3503000053634197,0.3024300025585343,0.015683009572114062,-0.024070996497930548,0.16428000057892825,0.2837300025961457,0.3736800066878616,0.38336000632096434,0.4052900087218016,0.2812300071586199,-0.06230599263745464,-0.2274099930272432,-0.19463999301615323,-0.23340999649004443,-0.03783999456108668,0.12404000983526714,0.1304800010818618,0.2657400032260226,0.34660000250730955,0.10094000634623661,0.030134002106850584,0.21588000157997705,0.38465000046009284,0.372550003921977,0.29032000442597394,0.15881000760028632,-0.07338399759645267,-0.06955999636583261,-0.13491999434078414,0.00810250503650628,0.1596300050671956,0.2156900066949961,0.22491000739006736,0.21905000339522104,0.20825000594314855,0.1303900001422623,-0.10150999019664196,-0.11328999041563671,0.04538900924228817,0.18212000157426855,0.04828400105428466,0.07653900915124659,0.0739260042491377,0.06360500047676858,-0.021442995896999852,-0.11580999583187317,-0.017818990576669455,0.13706000173675262,-0.02785599868217689,-0.1482199938534426,-0.05414499107655533,0.015833001818218798,-0.19001999940645084,-0.3829699916726153,-0.24749999046857626,-0.07824799395164327,-0.14496999082537707,-0.1169699991573891,-0.15773999421400542,-0.3111299937990047,-0.2966399926933824,-0.0684129954009808,0.1810100052410016,0.19209000516198368,0.1726200005793928,-0.08284599165258807,-0.02991399557823893,0.12056000737366115,0.1918900083978813,0.2429800003669683,0.2755400008288372,0.010316000160792756,-0.16242999939094316,-0.022924999360072286,0.0370600074945896,0.08423100814322869,0.14915000119295968,0.16284000342904872,0.08213800118237961,0.011902003058734777,-0.1326699930668029,-0.003834198949482477,0.17997000135883137,0.33567000114498236,0.322490000266242,0.16671000935081529,0.03993100037551564,-0.13495999093197034,-0.018661991774372742,0.134480002014723,0.19742000940136167,0.21446000732312723,0.18612000039608595,0.08277800353972893,0.002848800396965079,-0.17271999827258697,-0.10940999212034229,0.07401500331379393,-0.028718999128046395,-0.06115599125016163,-0.02061399939258065,0.08999000705615096,-0.006163491048002572,0.017906009932704768,-0.16122999702062132,-0.36252999737520003,-0.24303999602537926,-0.08118799360170761,-0.14955999778815057
R25,-0.01749799436204539,-0.01749799050484734,-0.017497990876889472,-0.017497993675077036,0.03885000006706759,0.22653000665834375,0.28941000879132905,0.31086000108661244,0.03907000125533537,-0.18266999692678743,-0.3720899986879641,-0.3413199993952031,-0.19922999611598335,-0.08524899595791331,-0.021921993646122857,0.005354800375733403,-0.04549199220043555,-0.1820099948834351,0.04749000414042024,0.34489000080229576,0.327920000380273,0.1740400016730428,0.05431300580805533,-0.011815993753092632,0.0148110026463815,0.2518700085046694,0.5075800083194704,0.5442700006072998,0.17008000881606816,-0.08107999611963437,-0.12914999342103686,-0.11155999319889233,-0.08319499839254624,-0.05538099219954312,-0.034221995482480845,-0.022147999936041163,-0.017216993644174998,-0.016112999479418758,-0.016381990420470106,-0.016856995363157868,-0.017158994874642973,-0.017325992246182323,0.03894500389409724,0.22653000211452293,0.23306000214852537,0.17953000217657403,0.27656000248242,0.17777000307059543,-0.14076999570229604,-0.24229999566573335,-0.1771899921904888,-0.1008099991103025,-0.05041599179497076,-0.07778499226210989,-0.19594999650594294,0.04411000836254913,0.3457100022000579,0.32948000783929077,0.1752500097534132,0.054954004269813186,-0.011477993300027724,-0.0413649974349577,-0.04840499071530335,-0.04334599290891056,-0.034642994558607754,-0.08350999284578293,-0.2099699959551121,-0.02616899458435337,0.09150900557578409,0.0727800087759905,0.031388000902955134,0.0034798049110043375,-0.013137993685298707,-0.02170899759177817,-0.024216992145974708,-0.023272997565671694,-0.02128899525237746,-0.07593099676943627,-0.2061799964277043,-0.024464991519924168,0.09221000241648672,0.07304700604014785,0.08783200749658328,0.19116000391417223,-0.006605996599353063,-0.1315899920799598,-0.11485999869562964,-0.07225499397959262,-0.042266997654585546,-0.02394299130160396,-0.01429099435372068,-0.011213997313879624,-0.011894995031132356,-0.013802992314456718,-0.07176199696066005,-0.2041699946928632,-0.0799449982501441,-0.15146999179048248,-0.17731999065407417,-0.10918999810049569,-0.04655699185868464,-0.01419299666529086,-0.0017854920926096461,6.691442541980483e-05,-0.0032003955471386104,-0.007934395504517744,-0.012002995419766498,-0.014712996118753386,-0.01622799298670912,-0.016968995417311134,-0.017325998269397676,-0.01740299596888645,-0.017497996737228294,-0.017497995766318677,-0.01749799435799234,-0.07384699031316498,-0.317869994552372,-0.4557299996606228,-0.1647099910380879,0.04234600290263509,0.07208700434022827,0.05140700386840077,0.027763004157715147,-0.04941399912124113,-0.2523799996785507,-0.26718999911086866,-0.1601599943020298,-0.013272992803465906,0.2240900096512122,0.25225000440557466,0.20347000856232375,0.29646000435350783,0.191020001485564,-0.13318999884341107,-0.23850999845273216,-0.11913999862492153,0.14391000278155275,0.20041000325155064,0.11934000779221106,-0.014584993357578,-0.24867999685431627,-0.22232999399257267,0.06734600899179895,0.16604000097676058,0.11021000913570737,0.04548800146836104,0.004318301161119151,-0.01895799388049198,-0.029128995755040375,-0.030258990103459556
R26,-0.03396199809602849,-0.03396199469517582,-0.09562099278344052,-0.30098999748672656,-0.3081399963918401,-0.18789999550525086,-0.08871399478905803,-0.03511599993726849,-0.07381999761203308,-0.21275999089330255,-0.0808039908483705,-0.22779999206558707,-0.4676799977635858,-0.40432999211575193,-0.2178299925431965,-0.02267099169691856,0.24940000727356815,0.28134000326199377,0.10053000119422381,-0.2137999942931592,-0.28635999552473274,-0.1983599934818808,-0.10974999405629839,-0.05463599637949003,-0.02581799800722798,-0.015286993080394027,-0.01603799532156131,-0.021212997848919134,-0.026434997031819986,-0.030107993776800495,-0.0322009958301538,-0.033193991655894844,0.027990009734660024,0.23317000623462822,0.2402100067344974,0.11997000724017604,0.0207910056986026,-0.0328079915437769,-0.0557629955034737,-0.06053399822026771,-0.05592699332120991,0.013085001394976552,0.28643000198962065,0.5030900030459043,0.3922800003220515,0.1739600005197855,0.08331200971292682,0.2123100073477121,0.1918400069043024,0.07143800869577192,-0.015786994727750955,0.005944708453398599,0.1988200017212993,0.20763000263006712,0.09537700517993372,0.005118200670409731,-0.04149799511612099,-0.060012996877143246,-0.06239899609590896,-0.05669399298433775,-0.04886699809389906,-0.042359992997255895,-0.03810799515216294,-0.03582699381071277,-0.03472899929847438,-0.034253999003682783,-0.09572499550043613,-0.3009899996900756,-0.3081399981719422,-0.1878999994900052,-0.0887139930061175,-0.03511599600028226,0.04949900108582743,0.2596400027631112,0.26218000680952797,0.13459000558330386,0.09074500872890329,0.2383600052207335,0.22028000406885437,0.09417000548056002,-0.000881353079528319,-0.047316994447210284,-0.0640569932061998,-0.1263399981871902,-0.26315999594532236,-0.05648999910678466,0.1393500086635535,0.3280000003002718,0.3536100071344111,0.34753000608503143,-0.02924199770724225,-0.42477999454456,-0.43646999729624686,-0.33604999669614016,-0.40480999729123573,-0.33094999156055066,-0.10921999260939524,0.26927000693707065,0.5323200066214823,0.43384000246139454,0.21158000011193004,0.04905000823955948,0.024004002693140857,0.19394000109230056,0.13456000573617116,-0.18165999224030568,-0.27551999964812735,-0.19888999781968825,-0.11641999869719938,-0.06432099580224021,-0.03518499981558009,-0.02239899895996814,0.04126500671916268,0.2435300078407141,0.24664000618086987,0.18501000644924637,0.2893900037483201,0.24203000893621493,0.09846600669971756,-0.005677091313526003,-0.05477299233711547,-0.008716791635120971,0.19820000594492063,0.27576000920733823,0.30886000070535663,0.01887800322504628,-0.1574799987043703,-0.15691999882581095,-0.05324099167373294,0.18785000692638834,0.2207200066639639,0.11629000577470527,0.023997009447472347,-0.02835299203084892,-0.05238199782616005,-0.058545994952271134,-0.05493299742490196,-0.048099996567043286,-0.04206699452768905,-0.03800299883238194,-0.03582699476134806,-0.03472899940003977,-0.0342539970011703,-0.034065995956141015,-0.09562099183115842,-0.23932999000510072,-0.04110899044462037,0.02461600533074894,-0.20179999345371955,-0.2545399912676499
R27,-0.596669997005627,-0.5153199916941155,-0.24433999674976556,-0.234909998124276,-0.31219999653929054,-0.17209999508626267,-0.16558999795358997,-0.060918999380493624,0.10339000218595087,0.20800000009866518,0.17982000601259743,-0.04267799448702486,-0.015497994613947052,0.17691000653776226,0.006132607658993413,-0.04687699127416634,-0.012987990558570611,-0.14690999639929922,-0.1760099989329476,-0.2516699917963879,-0.14775999300054649,-0.029516990066818245,-0.12836999529840262,-0.07840499288574773,0.015498001287869259,-0.061301996691283694,-0.0896649972227963,-0.19759999305328182,-0.1903899910923067,-0.2342499913176922,-0.14660999720583073,-0.18387999388222895,-0.17448999319550326,-0.2800599922849085,-0.165369994155389,0.0853180037364179,0.159920001002913,-0.029071991053600303,-0.04177799992627403,0.07231000903041535,0.17464000857912637,0.26252000706717266,0.21130000944799535,-0.05442999535278096,-0.10264999729152377,0.12031000969329776,0.281400004863471,0.4033300048183709,0.3746700050981184,0.24468000111025529,0.10504000390231401,-0.13481999281425755,-0.13912999481193644,-0.0672239921047251,-0.1897999916099112,-0.1781799972453251,-0.01932999497936712,0.13593000390432894,0.2703000052621531,0.27795000841051387,0.030436004987850002,-0.02083299271759497,0.12485000320676555,0.2539900015729626,0.2754600088313844,0.24879000324013226,0.16700000879938937,-0.01974599787180865,-0.07441899510190791,-0.20987999269224297,-0.04681399563038061,0.14194000233561208,0.2163600067344697,0.23265000597166985,0.21537000532441858,0.15866000035783523,0.07679500745700751,-0.14549999954156376,-0.18206999799291676,-0.008216099834573182,0.17653000142184508,0.0700910089561068,0.14497000590471873,0.23530000521951785,0.24334000773756242,0.15738000911802952,-0.08434999216193385,-0.08968299191872062,0.012717006198176561,-0.10628999243175963,-0.08307099669562108,0.0524220011011493,0.08736100943289032,-0.15713999402087175,-0.37451999422554694,-0.25074999559329425,-0.08530499712673249,-0.13870999016530583,-0.09227199877816368,-0.22619999870144372,-0.3795399979323025,-0.23243999670496288,0.04066400517802894,0.24227000677830188,0.10482000955328115,0.02792600527735315,-0.09839699233921174,0.03372600286458169,0.2217900016768186,0.26448000982736986,0.23747000547685404,0.2549700067047492,-0.030302998584670206,-0.31067999986387873,-0.19324999538029242,0.02135500419671905,0.15073000494340677,0.19642000828419293,0.1715400023330882,0.16814000681811384,0.11541000719874742,-0.066854996088981,0.041186002654523796,0.17721000463299116,0.21863000474773434,0.22088000443638073,0.21461000721891207,0.15139000331698035,-0.004038697126629653,0.09655000884090863,0.20310000777305545,0.2230500041741859,0.21540000765595332,0.20615000426116986,0.19781000748883135,0.12339000135629637,-0.10636999001763588,-0.08178999554940375,0.09535100542675021,-0.017198995256738826,-0.03193899527529503,0.05760600710251504,0.029578001459589102,-0.15654999580762194,-0.19116999343750143,-0.3434899919295844,-0.5070599996556349,-0.3409799984665639,-0.16581999859425792,-0.20298999167521287
R28,-0.5708999951269804,-0.5055699990342827,-0.28796999696951264,-0.2803999940773371,-0.3293999988269155,-0.17337999579541094,-0.15574999436875558,-0.050021999352615254,0.10931000567500163,0.20915000447416962,0.18043000412177973,-0.035306995551389685,-0.036127999501491946,0.07482500475551143,-0.049481996531103994,-0.061256991364160754,-0.055602999980805534,-0.184489999023496,-0.18867999344796155,-0.2434099954243751,-0.1479599997908925,-0.07480899660291762,-0.1716899948879508,-0.09945799828450554,-0.0026657940645866823,-0.12321999622853685,-0.19156999115078238,-0.2710599999553965,-0.21881999232639335,-0.24341999553405907,-0.18764999627117637,-0.22008999564519577,-0.15987999178019127,-0.15632999088020602,-0.04748899285285112,0.10221000095401926,0.130170007328203,-0.037806996426613435,0.0028659051133232472,0.12217000677546103,0.2011800066880703,0.26846000477347665,0.22229000201774218,0.031110009815227085,0.07177700223394659,0.2777700079257893,0.3927500042125744,0.42910000040856866,0.40432000186259637,0.31826000349870215,0.1685600085822568,-0.09895999379243638,-0.12713999918795324,-0.06850999013846072,-0.18967999198210067,-0.1775399910622575,-0.021825994746216357,0.11746000126789864,0.21856000114254712,0.26921000008229007,0.05835000565792755,0.004800601631241303,0.13564000984687768,0.25365000608789545,0.27051000863564445,0.2428200094274343,0.15036000389250478,-0.0728909901669591,-0.11355999019761413,-0.17469999299446412,0.005213508732907005,0.17311000256511594,0.21566000352182604,0.17752000948650523,0.16660000898171096,0.17838000717626654,0.12166000254095093,-0.10597999470260218,-0.15652999892755506,0.001302208056843552,0.17387000527393162,0.05585900769506995,0.08421400811433045,0.17045000529999219,0.20456000484472997,0.14339000950811273,-0.09086499225998991,-0.14752999558658425,-0.09280199841434567,-0.17137999838802806,-0.06052899054151742,0.10258000266304378,0.12612000045750116,-0.1251199978068505,-0.3461399994648443,-0.2343699907784631,-0.07889499104502287,-0.1446899993744598,-0.1432599958878381,-0.2731999908974769,-0.3949499946475227,-0.2318399909217705,0.04285900165271036,0.24207000128514963,0.11068000045444404,0.03562400601825921,-0.11378999465952,-0.08791899307608365,0.04587700158053063,0.14904000334791997,0.2207400011310797,0.2392400092112396,-0.04160299351659332,-0.28737999773803785,-0.12198999354822601,0.08872100531481109,0.18752000274214545,0.22249000841201855,0.2424800071431642,0.26514000594283843,0.1449400009043096,-0.07830399325180958,0.0201310050945801,0.15719000785557352,0.21647000909974312,0.2543800064351613,0.21009000584790172,0.11113000394446501,-0.0769959989354823,0.028123009757844413,0.1626000098488917,0.19348000948850352,0.15585000176370606,0.1508200016792048,0.16904000918924394,0.11689000817670378,-0.09510299733636343,-0.0681429960789286,0.10255000127548738,-0.007423499777089803,-0.02343599655434012,0.07445500338812573,0.09004700888582345,-0.0882939952539263,-0.14736999991717364,-0.30219999786014584,-0.4407599941733123,-0.31454999219872326,-0.13024999433935286,-0.1591199976154706
R29,-0.1022799946898254,-0.10227999072332399,-0.1022799938606576,-0.14462999349296593,-0.28567999784852227,-0.24823999696429058,-0.02460499223063974,0.04842600984882367,0.04500600697432127,0.13370000648580518,0.06272500131453629,-0.1798399951671643,-0.17649999284005902,0.19255000458034524,0.39797000704225827,0.2740300082772767,0.0762270086363225,-0.09830199965999697,-0.3058999997510437,-0.3350699944499696,-0.2097299960361153,0.010678007092680655,0.06488900033774012,0.007487402200831327,-0.05162999549436326,-0.0886619952318326,-0.10813999494824976,-0.07282599677144953,0.06881200088005171,0.07727500586796332,-0.0017196912657882382,-0.06731799537418508,-0.06034499403943898,0.06562100540849064,0.06758000463034515,-0.011707993403735467,-0.07470799088630263,-0.10717999006834433,-0.12009999573433496,-0.12180999412776058,-0.11788999577142456,-0.07016499195833538,0.07535400142772669,0.08318400633200503,0.08686600418042834,0.30160000065576,0.40198000360029484,0.6443300091310697,0.5196100068422161,0.2014000078617283,-0.029444998294770267,-0.14209999157389988,-0.18021999136277095,-0.17837999958916698,-0.15944999764825027,-0.13827999191670592,-0.12199999543898665,-0.11186999580531243,-0.1065199975186903,-0.1039999962760651,-0.10287999673554843,-0.1024899986351088,-0.05992799974155481,0.08112200036717472,0.0860310077299109,0.0034497088096318578,-0.06467099592440384,-0.10147999925013879,-0.11724999123327715,-0.035828991247652466,0.24943000439722252,0.30665000973263734,0.24453000155823731,-0.025003990558359765,-0.18454999070096217,-0.20086999825602306,-0.2181399952365791,-0.3316799977001932,-0.31392999513573633,-0.08918499996085788,0.36732000590662645,0.3225800003209198,0.22676000831749277,0.11254000053854248,-0.01608099717899987,-0.10001999175506474,-0.135439991893448,-0.14133999022318017,-0.1766199949149738,-0.3072899930754673,-0.34561999922100045,-0.355669999731964,-0.1055899969832212,0.16155000290541868,0.16859000906930546,0.05838400549150939,-0.03389099944011764,-0.08817099262000064,-0.1570699953702747,-0.30612999230983934,-0.3087299996943383,-0.2203599967159423,-0.06224599125652594,0.260200004250507,0.2877100036101295,0.12677000658176582,-0.012252995719044904,-0.09072599414936175,-0.08417899952937027,0.047468001689772464,0.14184000817312592,0.350700006738617,0.3007500096933005,0.10435000709210163,-0.04460199943208902,-0.11999999720417624,-0.10535999768385472,0.034441005135749575,0.05016300018320812,-0.019470993129367405,-0.07734499812693982,-0.023007995063487264,0.24678000957719748,0.25496000550115805,0.136040002145865,0.14615000115457172,0.0819200004813853,-0.02934499637717127,-0.01775599833116795,0.23461000286854924,0.23909000784582377,0.07946100181912116,-0.04784699244675189,-0.1132899949357032,-0.1389699914431522,-0.14202999607558425,-0.13386999119139323,-0.038178992351160526,0.2529300037132757,0.22622000912902043,-0.0767839945545394,-0.21642999564650753,-0.20681999398497172,-0.12761999159721882,0.0861770027290591,0.2965800013639963,0.41568000953913825,0.41645000228501144,0.23450000399993148,-0.012339995345242414
R30,-0.0831159962690826,-0.08311599301597869,-0.04271499077885122,0.09184900934222703,0.09653300672693504,-0.022652998748975327,-0.2222099934665103,-0.26200999445998874,-0.19826999620106486,-0.13639999821944182,-0.09826399715936147,-0.07840599727702799,-0.030737996308640752,0.10352000140822959,0.10489000169371526,0.02268000899265868,-0.04471499169852531,-0.08120599068991231,-0.09689799487288815,-0.10033999482795193,-0.0974399964245011,-0.09269099744111291,-0.08855099198678874,-0.1262299951821163,-0.25929999828364314,-0.2632699985807654,-0.1841699920305838,-0.11905999878121662,-0.08387199770359235,-0.06883099398203239,-0.06570499790633796,-0.06872399518833568,-0.07354099225207732,-0.1180799955254375,-0.2553599904916078,-0.2615399902697043,-0.183479996654067,-0.11879999635893693,-0.08380399988288659,-0.06883099657800636,-0.106109998335113,-0.2436899938404945,-0.25318999591309255,-0.1785499953008494,-0.03547199348180036,0.22688000548495507,0.19681000431245807,0.30650000724435106,0.2615300073750866,0.09382500566154331,-0.035255994441347645,-0.05902299680523429,0.09352900781135136,0.23242000234530685,0.1675100013728345,0.034544006184769514,-0.05707999395103122,-0.10185999193745691,-0.11713999370616236,-0.11586999096406808,-0.10739999418105076,-0.09826199060507776,-0.09126699159988635,-0.08705499842094618,-0.04443899020512722,0.09115500659427127,0.0962730073873647,0.017680009469515395,-0.04723999796740414,-0.0015568940801201406,0.2525300000947381,0.2991700060073532,0.27919000105682606,0.15871000644149288,0.013827000581311814,-0.07852699430005232,-0.07800299599171184,0.04827700249423307,0.05978000055880572,0.07322200465735877,0.3280800033660135,0.5248300036654505,0.6301900052730859,0.4297800083631551,0.14097000362461232,-0.04894499421472084,-0.1362099906328873,-0.16059999573073666,-0.15269999452329547,-0.09244599445170688,0.06164000166295493,0.0804350043919159,-0.03031399694330643,-0.22553999013104736,-0.26333999365552907,-0.19871999653538966,-0.13653999338553635,-0.09826399797826743,-0.03800499405959033,0.10383000971953547,0.06780700710113775,-0.14885999859379617,-0.14114999702610898,0.20963000230256917,0.4425400035913799,0.4555600023559505,0.26923000603326036,0.10344000726902115,0.10887000486717888,0.055040001683527975,0.0422830080652447,0.25395000292077924,0.24313000207450564,0.1247200036682453,0.1357900029228229,0.11918000135389636,0.1524600025111983,0.09132100282855155,-0.053656990356265664,-0.21652999934931536,-0.11582999699463485,0.0825700085863546,0.477270003897071,0.47012000877028143,0.22184000937009674,0.020845007896205504,-0.08708599988237738,-0.13219999463243423,-0.05925799888262207,0.22073000371936477,0.24589000465709288,0.10159000214830274,-0.019824998385892002,-0.08539299040610193,-0.11325999720085039,-0.118509993299037,-0.11210999650929958,-0.021462995275667713,0.25595000033438486,0.27075000340506367,0.11617000819955353,-0.012369994675140831,-0.08198699126313796,-0.11181999421171374,-0.1583399956073891,-0.2868699948725577,-0.3223199940216673,-0.3698099936440851,-0.3040699989552626,-0.22757999147269706
